Inf,Rec,Name,Transfer Value,Pts/Gm,CA,Division,Aer A/90,Hdrs W/90,K Hdrs/90,Cr C/A,Crs A/90,Cr C/90,OPCr %,OPCrs C,Dist/90,Drb/90,Ps A/90,Ps C/90,Sprints/90,Poss Lost/90,Pr passes/90,Shots Outside Box/90,Shot/90,ShT/90,Blk/90,Clr/90,Int/90,Poss Won/90,OPKP/90,Pres C/90,Shts Blckd/90,Hdr %,Tck/90,Tck R,Pas %,Pres A/90,K Tck/90,Ch C/90,K Ps/90,Asts/90
Int,  ,Diego Antúnez,£125M  £375M,2.23,188,Spanish First Division,3.82,2.12,0,21%,3.04,0.66,22%,27,13.7km,2.87,40.39,33.33,18.43,3.31,5.01,0.8,2.22,0.85,0.24,0.75,1.73,9.13,1.7,3.85,0,55%,2.46,78%,83%,14.48,0,0.63,1.87,0.29
Int,  ,Álex Pachón,£108M  £323M,1.87,186,English Premier Division,4.32,1.67,0,21%,2.95,0.55,19%,20,12.9km,3.1,35.64,30.47,14.35,5.97,2.4,0.85,2.75,1.27,0.2,0.65,1.82,8,1.42,3.12,0,39%,2.35,83%,85%,12.7,0,0.22,1.52,0.17
,  ,Patrick Abeln,Not for Sale,1.78,183,English Premier Division,8.78,2.31,0.16,24%,0.78,0.19,24%,7,12.0km,1.56,22.21,19.04,7.14,7.92,1.21,1.37,3.89,2.34,0.08,0.24,0.7,3.17,1.05,2.07,0,26%,1.58,79%,86%,6.55,0,0.35,1.15,0.21
,  ,Marco Kuring,£51M  £153M,2.1,180,Bundesliga,3.98,1.09,0,23%,6.71,1.36,20%,33,13.4km,3.63,36.61,30.75,18.6,5.4,5.27,0.61,2.23,0.79,0.37,0.72,2.16,8.24,1.27,3.74,0,27%,2.71,87%,84%,14.47,0,0.66,1.27,0.31
,  ,Tom Scrivener,£72M  £216M,1.98,179,English Premier Division,5.36,2.28,0.07,15%,8.84,1.69,19%,16,12.4km,3.28,37.65,31.63,15.57,8.57,2.67,0.91,3.35,1.5,0.36,0.64,1.69,6.75,1.34,3.46,0,43%,2.46,78%,84%,13.42,0.07,0.18,1.69,0.27
Int,  ,Manuel Versace,£72M  £216M,1.86,179,English Premier Division,5.44,2.48,0.05,24%,2.58,0.63,24%,25,12.6km,3.21,29.33,23.3,15.81,9.04,3.21,0.53,1.5,0.65,0.25,0.8,1.7,6.04,1.3,4.48,0,46%,2.73,74%,79%,3.98,0.03,0.3,1.3,0.13
Int,  ,Oumar Kourouma,£99M  £297M,1.68,178,English Premier Division,4.25,1.5,0,19%,2.22,0.43,20%,9,13.0km,3.91,33.72,28.16,16.23,8.41,3.48,1.55,4.15,1.69,0.53,0.72,2.03,5.75,1.74,3.38,0,35%,2.32,76%,84%,11.69,0,0.29,1.74,0.39
Int,  ,Joan Antón Yeto,£106M  £317M,2.27,178,Italian Serie A,5.37,1.63,0.03,24%,5.61,1.14,20%,19,13.0km,3.5,36.62,30.95,13.92,11.63,2.04,0.97,3.5,1.77,0.14,0.42,1.63,5.54,1.07,3.25,0,30%,2.28,81%,84%,12.88,0,0.48,1.14,0.14
Int,  ,Tim Leyens,£97M  £292M,2.28,176,Bundesliga,5.59,1.89,0.02,7%,3.05,0.3,10%,7,12.8km,3.01,37.15,31.88,13.46,8.56,3.01,1.16,3.61,1.81,0.22,0.6,1.31,5.68,1.66,3.1,0,34%,2.17,74%,86%,11.89,0.06,0.47,1.83,0.26
Int,  ,Jérôme Berthon,£80M  £240M,1.89,169,Italian Serie A,3.65,1.39,0.02,12%,10.25,1.49,15%,13,12.0km,3.6,38.03,31.92,15.12,10.65,2.8,1.07,3.2,1.46,0.25,0.77,1.61,5.26,1.34,3.2,0,38%,2.66,90%,84%,13.13,0.05,0.55,1.99,0.12
,  ,Chukwudi Lukman,£40M  £120M,1.98,169,Bundesliga,2.71,0.93,0.03,14%,0.7,0.1,15%,4,12.5km,1.86,51.42,44.92,11.24,8.74,4.18,0.36,1.26,0.36,0.34,0.64,1.65,16.08,1.8,2.63,0,34%,1.55,75%,87%,11.44,0.03,0.52,2.65,0.34
Int,  ,Fugi,£125M  £374M,2.09,167,English Premier Division,5.58,2.35,0.12,15%,4.52,0.65,14%,20,12.4km,4.18,33.7,29.34,15.66,10.77,2.92,0.69,3.12,1.24,0.18,0.45,1.5,5.01,1.48,3.29,0,42%,2.41,84%,87%,12.94,0,0.32,1.48,0.24
Int,  ,Anthony Rabiot,£37M  £111M,1.78,166,English Premier Division,3.69,0.73,0,17%,1.23,0.17,14%,8,13.4km,1.71,33.01,28.17,13.56,16.41,2.68,0.67,2.42,0.97,0.22,0.6,1.36,10.17,1.83,2.78,0,20%,1.51,67%,85%,10.71,0.02,0.22,1.83,0.02
Int,  ,Carlos Ruiz,£80M  £241M,1.86,165,Spanish First Division,4.34,1.43,0.03,20%,5.46,0.84,15%,18,12.8km,4.03,34.83,29.65,16.17,10.66,1.85,1.04,3.39,1.51,0.56,1.06,1.62,6.27,0.98,3.36,0,33%,2.41,81%,85%,13.32,0.11,0.28,2.41,0.22
Int,  ,Elia Beglinger,£124M  £372M,1.96,164,English Premier Division,4.24,1.17,0,16%,5.32,0.83,16%,20,13.0km,4.05,37.6,31.44,15.21,11.38,4.58,0.37,1.58,0.65,0.34,0.62,1.76,6.25,1.3,3.28,0,28%,2.54,85%,84%,14.28,0.03,0.49,1.3,0.19
Int,  ,Sam Blake,£42M  £127M,1.76,163,English Premier Division,5.34,1.49,0,17%,3.1,0.62,20%,14,12.5km,3.48,34.74,29.34,15.27,15.43,2.55,0.96,2.2,0.96,0.37,0.78,1.52,4.63,1.33,3.2,0,28%,2.67,91%,84%,13.44,0,0.43,1.68,0.16
Wnt,  ,Barry McConnell,£32M  £97M,1.23,163,English Premier Division,4.34,1.76,0,11%,0.79,0.09,12%,3,13.1km,1.52,32.58,27.91,13.01,11.53,1.76,0.85,1.94,0.88,0.39,0.82,1.49,8.28,0.88,2.58,0,41%,1.67,76%,86%,10.01,0.03,0.18,1.12,0.15
Int,  ,Grigorio Luis Sica,£46M  £139M,2.36,163,Spanish First Division,4.33,2.45,0.28,13%,1.33,0.18,14%,8,12.8km,2.09,48.69,43.83,14.14,10.04,7.52,0.14,0.25,0.02,0.71,1.1,2.77,13.96,0.89,2.54,0.25,57%,2.96,78%,90%,9.31,0.21,0.23,0.89,0.07
Int,  ,Şahin Hopaç,£83M  £249M,2.15,162,Italian Serie A,4.99,2.54,0.08,20%,2.87,0.56,19%,19,12.2km,2.93,33.39,28.6,15.19,15.72,2.62,0.78,2.93,1.28,0.28,0.75,1.67,5.55,1.23,3.51,0,51%,2.48,81%,86%,12.71,0.06,0.28,1.23,0.2
Wnt,  ,Christoph Haas,£30M  £89M,2,162,Ligue 1 Uber Eats,3.85,1.05,0.03,20%,2.86,0.59,20%,17,12.7km,3.48,33.87,28.79,15.86,11.95,2.46,0.83,2.06,0.83,0.15,0.8,1.72,6.99,1.45,4.03,0,27%,3.26,83%,85%,12.41,0.06,0.37,1.48,0.18
Int,  ,Jonay Míguez,Not for Sale,1.56,161,Ligue 1 Uber Eats,8.54,2.17,0.11,10%,7.33,1.01,14%,5,12.2km,1.27,25.69,21.96,8.62,14.42,1.46,1.35,3.92,2.01,0.19,0.32,1.16,2.7,0.93,2.06,0,25%,1.67,88%,85%,7.91,0,0.24,0.93,0.19
,  ,Marc Wagner,£53M  £160M,1.77,161,Ligue 1 Uber Eats,4.07,0.85,0,17%,2.77,0.5,18%,21,13.0km,3.71,41.01,33.94,18.41,9.36,5.18,0.47,1.35,0.59,0.35,0.66,1.65,5.11,1.35,4.07,0,21%,2.17,69%,83%,14.61,0,0.35,1.35,0.26
Int,  ,Martijn van Ommeren,£76M  £227M,1.96,160,Bundesliga,3.85,1.77,0,18%,5.73,1.03,18%,22,13.3km,4.54,38.37,32.51,16.41,14.44,2.77,1.1,3.23,1.26,0.28,0.48,1.72,5.02,1.38,3.26,0,46%,2.06,78%,85%,13.25,0.02,0.32,1.4,0.21
Int,  ,Amir Bihorac,£64M  £191M,1.87,160,English Premier Division,4.27,1.7,0.04,23%,3.91,0.84,22%,37,12.0km,3,37.26,32.15,13.45,15.15,2.98,1.11,3.78,1.47,0.23,0.53,1.72,6.58,1.81,3.49,0,40%,2.33,84%,86%,12.73,0.04,0.29,1.81,0.08
Wnt,  ,Filip Knausgård,£52M  £155M,1.77,159,Bundesliga,8.73,2.94,0.12,22%,0.66,0.15,23%,5,12.0km,1.17,22.92,19.29,6.48,10.8,1.2,1.02,3.63,2.16,0.03,0.18,0.66,2.85,0.93,2.43,0,34%,1.89,81%,84%,6.99,0,0.24,0.93,0.03
,  ,Kim Thomassen,£44M  £132M,2.16,159,Italian Serie A,5.28,3.61,0.29,17%,1.87,0.32,17%,11,12.8km,2.19,55.32,49.9,15.36,14.16,7.72,0.06,0.29,0.12,0.79,0.93,2.45,12.91,0.58,2.27,0.29,69%,2.89,83%,90%,9.56,0.09,0.47,0.58,0.09
Int,  ,Giuseppe Maccione,£43M  £130M,1.54,158,English Premier Division,5.34,2.44,0.11,9%,2.74,0.27,10%,7,12.3km,3.05,34.61,29.39,15.51,12.47,2.55,0.76,1.83,0.91,0.3,0.38,1.94,6.21,1.11,3.7,0,46%,2.48,76%,85%,13.49,0.04,0.19,1.11,0.11
Int,  ,Albert Delaunay,£59M  £176M,1.85,158,English Premier Division,4.04,0.67,0.05,25%,2.8,0.7,25%,27,12.3km,2.23,33.84,28.55,15.45,13.28,3.06,0.52,1.66,0.65,0.23,0.49,1.74,6.3,1.63,4.23,0,17%,2.98,79%,84%,12.96,0.03,0.44,1.63,0.08
Int,  ,Eder Govea,£59M  £177M,2.41,157,Italian Serie A,6.62,3.99,0.48,10%,3.44,0.36,10%,15,13.4km,3.3,38.78,31.49,15.8,11.33,4.66,0.36,1.15,0.5,0.41,0.53,1.82,6.29,1.1,3.28,0,60%,2.13,74%,81%,12.48,0,0.29,1.1,0.29
,  ,David Mazzucchi,£21M  £64M,1.85,157,English Premier Division,5.47,2.09,0.05,14%,6.56,0.97,15%,15,12.5km,2.56,36,29.51,15.65,15.1,3.15,0.35,1.39,0.6,0.25,0.67,2.11,5.74,1.59,4,0,38%,2.81,81%,82%,5.56,0.02,0.6,1.59,0.22
Int,  ,Leandro Díaz,£42M  £126M,1.43,157,English Premier Division,5.48,1.9,0.03,24%,2.14,0.52,24%,15,12.3km,2.21,25.74,21.09,12.34,11.72,1.62,0.83,2.76,1.17,0.28,0.45,1.9,4.03,0.96,2.89,0,35%,2.65,79%,82%,11.54,0,0.17,1.38,0.03
Int,  ,Hugo,£72M  £216M,2.2,157,Spanish First Division,5.02,3.01,0.22,18%,8.43,1.59,19%,26,13.5km,3.51,36.24,29.7,15.82,8.58,4.75,0.2,1,0.32,0.35,0.85,1.97,5.17,1.14,3.86,0,60%,2.54,78%,82%,13.98,0,0.25,1.14,0.3
Int,  ,Cauê,£76M  £229M,2.3,157,Spanish First Division,4.37,0.69,0,16%,5.33,0.78,15%,18,12.8km,2.93,33.9,27.95,16.22,12.51,3.29,0.64,1.85,0.62,,0.98,2.04,4.48,1.28,3.71,0,16%,2.63,86%,82%,13.54,0,0.37,1.28,0.14
Int,  ,Peter Erlenbeck,£57M  £172M,2.28,156,Bundesliga,5.36,2.26,0.12,21%,2.71,0.58,21%,23,12.6km,3.53,37.46,31.33,15.86,17.15,2.79,0.65,2.23,0.77,0.29,0.79,1.78,4.76,1.3,3,0,42%,2.35,88%,84%,13.53,0.05,0.17,1.44,0.12
Int,  ,Wilson Mendes,£58M  £173M,2.18,156,Spanish First Division,5,2.5,0,11%,9.46,1.54,16%,13,12.5km,3.29,28.19,22.83,15.8,14.4,2.02,0.46,1.65,0.75,0.11,0.77,2.3,5.55,1.3,3.31,0,50%,2.37,75%,81%,13.83,0.02,0.46,2.15,0.22
,  ,Mladen Mitrović,£1M  £3M,2.28,156,Spanish First Division,3.17,0.7,0,17%,10.04,1.79,18%,25,13.6km,4.1,41.42,35.09,16.53,15.78,5.55,0.31,1.43,0.67,0.31,0.42,2.8,6.49,1.14,4.33,0,22%,2.6,75%,85%,14.71,0,0.54,1.71,0.29
nEU,  ,Sam Minott,£7.8M  £24M,1.92,155,Italian Serie A,3.92,1.38,0.07,16%,2.93,0.49,17%,14,12.5km,2.83,43.66,36.98,13.72,13.26,3.92,1.03,2.79,0.99,0.28,0.53,1.66,8.8,1.91,3.82,0,35%,2.72,83%,85%,12.76,0.04,0.11,2.62,0.11
Int,  ,Luis Felipe,£22M  £65M,1.62,155,Ligue 1 Uber Eats,4.15,0.83,0.08,11%,2.63,0.31,12%,12,13.3km,2.94,37.09,30.67,16.87,16.07,2.61,0.46,2.01,0.9,0.34,0.77,1.91,4.75,1.32,3.53,0.03,20%,2.37,77%,83%,13.39,0,0.18,1.32,0.13
Wnt,  ,Jan Jørgensen Jeppesen,£49M  £148M,1.75,155,English Premier Division,4.81,1.89,0,20%,11.49,1.7,15%,18,12.2km,2.92,35.07,29.26,13.03,22.17,2.25,1.25,4.43,1.51,0.29,0.55,1.89,4.68,1.32,3.3,0,39%,2.31,80%,83%,12.67,0,0.39,1.32,0.16
Int,  ,Jordan Pugh,£39M  £117M,0.97,154,English Premier Division,6.88,1.65,0.05,22%,0.42,0.09,22%,2,11.7km,1.6,21.69,19,5.99,14.9,0.8,1.23,4.01,1.93,0.14,0.24,0.85,2.5,0.8,1.6,0,24%,0.99,64%,88%,7.73,0,0.28,0.85,0.05
,  ,Mohammad Aboud,£43M  £129M,2.4,154,Italian Serie A,4.5,1.35,0,17%,2.45,0.43,17%,19,12.9km,2,27.92,22.51,16.1,11.33,3.57,0.47,2,0.74,0.38,0.97,2.97,7.13,1.28,3.96,0,30%,2.79,82%,81%,13.53,0,0.49,1.28,0.34
Wnt,  ,Julien Voelcke,£55M  £164M,1.03,154,Bundesliga,5.34,2.4,0.07,15%,2.6,0.4,15%,12,12.5km,2.07,32.95,27.74,15.59,12.28,2.94,0.7,2.5,0.9,0.37,0.63,1.64,5.94,1.37,3.54,0,45%,2.8,87%,84%,12.62,0,0.3,1.37,0.2
Int,  ,Dominique Coste,Not for Sale,1.76,154,Ligue 1 Uber Eats,5.42,2.08,0,15%,6.51,0.99,15%,8,12.6km,2.68,35.47,30.33,15.44,15.6,2.96,1.09,3.01,1.42,0.38,0.6,1.97,5.8,1.53,3.5,0,38%,2.24,71%,85%,13.41,0.05,0.55,1.53,0.38
Int,  ,Giuseppe Basile,£32M  £95M,1.96,154,English Premier Division,2.94,1.56,0.15,17%,0.85,0.15,17%,6,13.1km,1.14,52.27,47.26,12.02,9.1,5.59,0.27,0.9,0.19,0.27,0.58,1.95,12.94,1.34,3.55,0.1,53%,2.8,78%,90%,10,0.07,0.46,1.36,0.27
Int,  ,Daniel Roa,£52M  £156M,1.23,153,Bundesliga,3.88,1.21,0,14%,4.85,0.61,13%,8,12.4km,3.27,38.7,33.37,14.35,15.38,4.12,0.73,2.85,1.27,0.3,0.61,1.76,6.6,1.45,4.18,0,31%,2.48,76%,86%,11.93,0,0.12,1.51,0.18
,  ,Sam Band,£64M  £191M,1.71,153,English Premier Division,4.29,1.56,0.03,15%,3.22,0.48,15%,18,12.7km,3.17,37.69,31.57,13.93,19.84,2.23,0.86,2.55,0.91,0.3,0.78,1.96,4.29,1.1,3.6,0,36%,2.09,74%,84%,13.1,0.03,0.35,1.99,0.3
Int,  ,Juanlu Quintero,£34M  £103M,1.68,153,Italian Serie A,4.9,1.64,0.03,9%,7.24,1.09,15%,10,12.9km,2.59,34.58,28.44,15.88,11.92,3.5,0.46,1.73,0.67,0.27,0.76,1.95,5.99,1.34,2.95,0,34%,2.46,84%,82%,13.02,0,0.61,2.22,0.24
Int,  ,Vito Sartori,£30M  £91M,1.61,153,Italian Serie A,3.48,1.69,0,23%,1.82,0.43,24%,13,12.4km,2.65,38.78,33.11,13.57,12.21,3.35,0.5,1.73,0.73,0.23,1.06,2.12,8.86,1.26,2.49,0,49%,1.82,85%,85%,12.71,0,0.4,1.26,0.17
Int,  ,Marcus Lanneborn,£65M  £194M,1.78,153,Italian Serie A,4.84,2.52,0.02,25%,3.99,0.74,19%,28,12.3km,3.6,31.67,26.49,15,14.64,2.46,1.33,3.81,1.55,0.25,0.5,1.91,4.57,1.19,2.82,0,52%,1.82,71%,84%,11.76,0,0.34,1.19,0.14
Int,  ,Danijel Pavić,£24M  £71M,2,153,Bundesliga,3.76,0.98,0.02,20%,7.59,1.36,18%,21,12.6km,3.25,34.22,29.27,15.43,16.51,2.35,0.93,2.68,1.1,0.36,0.48,2.2,4.4,1.36,3.49,0,26%,2.73,84%,86%,13.28,0.07,0.91,1.36,0.31
Int,  ,Quadri Ikenna,£55M  £164M,1.76,153,Spanish First Division,3.88,0.92,0,12%,2.48,0.32,13%,10,12.6km,2.64,28.38,22.87,15.68,11.61,3.09,0.32,0.64,0.16,,0.89,1.94,5.85,1.27,4.39,0,24%,2.93,82%,81%,12.92,0,0.29,1.27,0.13
Wnt,  ,Julen Agirre,£50M  £149M,1.91,153,Spanish First Division,6.56,1.57,0,23%,4.7,0.59,13%,11,12.3km,2.1,26.63,22.52,9.13,13.88,1.88,1.37,3.52,1.59,0.24,0.42,1.05,3.23,0.76,2.42,0,24%,1.44,69%,85%,8.42,0,0.2,1.35,0.02
Int,  ,Daniel Marques,£48M  £144M,2.05,152,English Premier Division,4.55,1.26,0,14%,3.95,0.6,15%,10,12.9km,2.52,41.68,34.54,15.77,18.66,2.56,0.83,2.89,1.3,0.23,0.73,1.69,4.42,1.56,3.42,0,28%,1.93,78%,83%,12.82,0,0.33,1.56,0.13
Int,  ,Luis Conejo,£53M  £159M,1.73,152,Spanish First Division,4.12,2.24,0.28,17%,1.32,0.22,17%,8,12.7km,1.91,52.06,45.67,13.25,9.92,4.15,1.01,2.89,1.09,0.25,0.42,1.34,11.52,1.85,2.66,0,54%,1.51,73%,88%,10.17,0,0.17,1.85,0.03
,  ,Mathias Teilmann,£35M  £104M,1.58,152,English Premier Division,6.64,1.32,0.03,20%,1.37,0.15,11%,5,11.9km,1.42,22.65,19.93,6.99,18.71,0.99,1.12,4.22,1.96,0.15,0.33,0.84,1.75,0.81,2.11,0,20%,1.4,79%,88%,7.91,0,0.18,0.81,0.08
,  ,Hebert Bautista,£35M  £104M,1.65,151,Bundesliga,3.88,0.73,0,15%,8.43,1.21,14%,14,12.5km,3.19,33.73,28.48,15.53,11.74,2.73,0.42,1.79,0.64,0.12,0.61,2.34,5.37,1.3,3.67,0,19%,2.7,76%,84%,6.4,0.03,0.27,1.3,0.18
Wnt,  ,Edgar Lugo,£37M  £112M,1.64,151,Spanish First Division,5.24,1.18,0.05,25%,2.09,0.53,25%,21,12.3km,2.69,30.76,25.53,11.61,16.36,2.11,0.88,2.97,1.33,0.2,0.45,1.11,3.45,1.23,3.4,0,23%,2.14,75%,83%,10.67,0.05,0.35,1.36,0.2
Int,  ,Aldo Corsi,£31M  £94M,2.08,151,Bundesliga,4.56,1.83,0,16%,3,0.49,16%,20,12.7km,3.19,31.14,24.95,16.54,15.37,3.78,0.17,0.56,0.24,0.37,0.63,2.39,4.53,1.36,3.56,0,40%,3.41,82%,80%,13.42,0,0.15,1.36,0.15
Wnt,  ,Dimitris Moukidis,£33M  £98M,1.61,150,Ligue 1 Uber Eats,3.95,1.23,0,23%,2.09,0.48,23%,13,12.7km,2.76,28.68,23.99,15.57,15.31,3.39,0.56,1.79,0.71,0.6,1.04,2.12,5.51,1.27,3.35,0,31%,2.76,82%,84%,13.63,0.07,0.22,1.42,0.11
Int,  ,Josip Matić,£64M  £191M,1.95,150,Spanish First Division,5.63,1.76,0,20%,5.44,0.98,18%,21,12.7km,3.27,32.71,24.82,15.46,12.38,3.05,0.34,1.32,0.41,,0.56,1.95,4.07,1.37,4.19,0,31%,3.19,79%,76%,1.76,0,0.37,1.37,0.07
,  ,Sébastien Anne,£57M  £170M,1.45,150,Bundesliga,3.43,0.75,0.06,20%,4.46,0.75,17%,19,12.7km,3.46,33.43,28.56,15.71,16.07,2.91,0.66,2.69,1.14,0.22,0.55,1.83,5.35,1.8,3.71,0,22%,2.52,77%,85%,13.07,0.03,0.19,1.86,0.06
Int,  ,Alain Di Giulio,£49M  £147M,1.76,150,Italian Serie A,4.23,1.17,0.05,20%,2.96,0.59,20%,23,12.8km,3.52,37.11,32.4,14.25,17.46,2.93,0.81,2.49,1.12,0.37,0.86,1.74,4.28,1.74,3.13,0,28%,1.86,78%,87%,13.13,0.02,0.39,1.74,0.22
,  ,Heo TaeYang,£6.6M  £20M,1.74,149,Bundesliga,5.24,1.25,0,16%,6.49,0.71,11%,17,12.6km,1.69,33.77,26.41,16.29,10.34,3.79,0.41,0.98,0.41,0.33,0.98,2.26,7.15,1.61,3.79,0,24%,2.86,82%,78%,0,0,0.41,1.61,0.33
Int,  ,Daniel Pilař,£47M  £141M,1.88,149,Spanish First Division,4.03,0.72,0,20%,3.81,0.79,21%,11,12.4km,2.3,31.58,26.33,15.25,16.12,2.23,0.79,2.66,1.15,0.29,0.43,1.58,4.6,1.44,2.95,0,18%,2.59,92%,83%,11.73,0.07,0.22,1.44,0.22
,  ,Andreas Zagler,Not for Sale,1.72,149,English Premier Division,3.66,0.54,0.04,30%,9.28,1.87,20%,18,12.7km,3.5,43,35.84,14.94,12.49,2.75,0.87,2.25,1,0.17,0.62,1.79,5.04,1.91,3.58,0,15%,2.29,90%,83%,13.7,0,0.33,3.12,0.17
Int,  ,Nicklas Johansson,£12.5M  £37M,1.5,149,Ligue 1 Uber Eats,6.11,1.82,0.06,22%,8.25,1.41,17%,22,12.0km,3.05,37.31,31.47,14.88,13.91,2.55,0.73,2.7,1.17,0.21,0.44,1.64,5.28,1.47,3.41,0,30%,2.67,88%,84%,13.3,0.06,0.35,1.47,0.23
Int,  ,Márcio Pacheco,£51M  £154M,1.78,149,Bundesliga,3.56,0.72,0,16%,1.87,0.28,15%,10,13.5km,3.23,37.61,31.2,14.96,13.17,4.48,0.46,1.64,0.61,0.54,0.72,1.72,4.36,1.2,3.05,0,20%,2.05,78%,83%,11.76,0,0.38,1.2,0.26
,  ,Iván Durán,£19M  £57M,2.15,149,English Premier Division,4.3,1.63,0,10%,6.18,0.89,14%,14,12.5km,2.88,37.41,32.68,14.9,21.5,2.72,0.76,2.28,0.78,0.29,0.67,1.94,4.55,1.63,3.12,0,38%,2.3,89%,87%,13.03,0.11,0.27,1.63,0.09
Wnt,  ,Juan Martín Soria,£26M  £77M,1.27,149,Spanish First Division,3.46,1.15,0,19%,8.93,1.39,16%,14,12.1km,3,38.03,32.1,15.01,15.98,3.23,0.38,1.58,0.62,0.31,0.62,2.16,5.2,1.35,3.81,0,33%,2.81,88%,84%,12.63,0,0.23,1.92,0.15
Int,  ,Kevin Jones,£39M  £116M,1.88,149,Bundesliga,3.83,0.51,0.03,14%,3.59,0.51,14%,17,12.0km,3.08,36.76,30.94,13.52,16.48,2.38,0.72,2.2,0.97,0.39,0.57,1.9,4.8,1.54,3.23,0,13%,2.26,82%,84%,12.74,0.03,0.36,1.54,0.27
Int,  ,Vito Bermanec,£62M  £186M,1.75,149,Ligue 1 Uber Eats,3.92,1.47,0,13%,2.32,0.31,13%,9,12.6km,2.97,32.39,27.65,15.73,18.26,2.94,1.06,2.83,1.4,0.24,0.72,1.88,3.69,1.6,3.89,0,37%,2.53,83%,85%,12.63,0.07,0.27,1.6,0.03
Int,  ,Hong JongWoo,£52M  £157M,1.93,149,Bundesliga,5.17,2.04,0.14,12%,8.69,1.23,14%,13,12.6km,2.24,33.28,28.84,15.37,15.68,2.38,0.87,2.38,1.15,0.22,0.45,1.68,4.86,1.43,3.13,0,39%,2.51,86%,87%,13.41,0.03,0.45,1.43,0.22
Wnt,  ,Oumar Sylla,£26M  £77M,1.9,149,Ligue 1 Uber Eats,4.22,1.12,0,18%,3.1,0.58,19%,23,12.4km,2.87,37.03,30.5,14.32,13.97,3.25,0.99,2.9,1.04,0.3,0.48,2.01,4.85,1.96,3.53,0,27%,2.41,89%,82%,13.71,0.03,0.43,1.96,0.15
,  ,Kerim Öztürk,£31M  £93M,1.95,148,English Premier Division,3.95,0.85,0,12%,2.55,0.33,13%,12,13.6km,3.51,38.09,32.61,15.84,18.12,3.07,0.41,1.21,0.63,0.38,0.74,1.86,3.7,1.84,2.9,0,22%,1.89,83%,86%,12.55,0.03,0.11,1.84,0.03
,  ,Roberto,£36M  £108M,1.46,148,Bundesliga,3.88,0.73,0.05,18%,2.76,0.5,18%,20,12.6km,3.03,37.98,33.02,16.16,18.19,3.31,0.78,2.1,0.88,0.3,0.73,1.83,4.06,1.45,3.28,0,19%,2.23,84%,87%,12.28,0.05,0.25,1.95,0.1
Ret,  ,Vincent Tumber,£3.1M  £9.4M,1.83,148,English Premier Division,6.51,1.28,0,10%,0.51,0.05,11%,2,12.1km,1.6,23.52,20.32,7.4,18.34,0.8,0.77,2.67,1.25,0.16,0.45,1.2,2.56,0.75,1.71,0,20%,1.12,79%,86%,7.16,0,0.51,0.75,0.19
Wnt,  ,Carlos Alonso,£43M  £128M,1.28,148,Spanish First Division,4.48,1.18,0,16%,1.71,0.28,16%,9,12.6km,2.93,36.72,29.8,14.51,11.58,4.08,0.4,1.28,0.65,0.44,0.9,1.84,5.73,1.31,2.96,0,26%,1.65,70%,81%,13.08,0,0.31,1.4,0.09
Wnt,  ,Georgy Repin,£20M  £60M,1.07,148,Ligue 1 Uber Eats,4.11,2.17,0,11%,5.72,0.68,12%,8,12.9km,3.26,36.68,31.17,14.21,13.25,2.82,0.6,1.61,0.68,0.2,0.4,2.5,4.39,1.25,3.26,0,53%,2.01,81%,85%,11.64,0.04,0.44,2.09,0.04
Int,  ,Mario Giorgetti,£60M  £179M,1.67,148,English Premier Division,4.51,1.73,0,22%,9.1,1.8,20%,24,12.5km,3.51,33.69,28.2,15.8,17.22,2.32,0.82,2.37,0.93,0.21,0.72,1.42,4.36,1.31,3.81,0,38%,3.27,91%,84%,13.3,0.05,0.34,1.31,0.18
Int,  ,Charles Nogbou,£28M  £85M,1.74,147,Ligue 1 Uber Eats,4.35,1.06,0,11%,3.11,0.35,11%,10,13.1km,3.93,40.52,32.84,16,13.38,3.36,0.21,0.78,0.32,0.53,0.71,1.77,4.53,0.96,3.47,0,24%,2.23,74%,81%,12.99,0,0.21,0.96,0.14
Int,  ,Tomas Gjoka,£24M  £71M,1.81,147,Ligue 1 Uber Eats,4.62,1.1,0,15%,2.72,0.36,13%,11,13.7km,3.23,40.51,33.35,16.02,11.61,5.51,0.24,1.6,0.83,0.3,0.62,2.1,4.56,1.33,3.38,0,24%,2.31,90%,82%,12.79,0,0.21,2.1,0.15
Int,  ,Mouhameth Mbodji,£48M  £145M,1.65,147,Spanish First Division,6.55,4.12,0.31,18%,5.08,0.65,13%,16,13.4km,3.7,39.97,32.12,15.87,13.75,5.28,0.39,2,0.73,0.27,0.5,1.89,4.74,1.31,3.27,0,63%,2.08,73%,80%,13.02,0,0.27,1.31,0.04
,  ,Enrico Kaiser,£27M  £81M,0.91,146,Ligue 1 Uber Eats,5.43,0.87,0.05,5%,1.8,0.1,6%,4,11.8km,2.31,30.6,26.02,10.08,16.15,1.72,0.85,2.8,1.36,0.13,0.49,1.44,3.19,1.05,2.62,0,16%,1.67,81%,85%,10.13,0,0.23,1.05,0.03
,  ,Bernard Downey,£38M  £113M,1.1,146,English Premier Division,4.33,0.52,0,11%,2.7,0.3,11%,11,13.3km,3.76,40.86,33.95,15.79,13.28,3.57,0.44,1.25,0.63,0.27,0.68,1.85,4.52,1.99,3.73,0,12%,2.12,73%,83%,12.5,0,0.25,1.99,0.11
Wnt,  ,Jesús,£29M  £88M,1.53,146,Bundesliga,3.69,0.76,0,11%,3.26,0.38,12%,15,12.6km,4.22,37.61,32.15,14.51,18.55,2.48,1.01,2.73,0.81,0.3,0.73,2.07,4.25,1.14,2.96,0,21%,1.9,85%,85%,12.28,0.05,0.4,1.14,0.18
,  ,Mohamed Amrani,£48M  £143M,0.8,146,Bundesliga,5.23,1.81,0.03,14%,8.48,1.28,15%,12,12.9km,2.89,33.07,27.87,15.84,16.34,2.37,0.59,2.27,0.79,0.16,0.39,1.58,3.85,1.35,3.19,0,35%,2.37,83%,84%,12.85,0,0.23,1.41,0.07
Wnt,  ,Dylan Gueguen,£28M  £84M,1.22,146,Ligue 1 Uber Eats,4.85,0.73,0,14%,2.66,0.36,14%,9,12.5km,3.17,30.19,25.13,12.65,14.95,3.03,0.95,3.25,1.5,0.29,0.4,1.53,4.59,1.57,3.1,0,15%,2.55,82%,83%,11.12,0.04,0.29,2.84,0.07
,  ,JeanClaude Leduc,£34M  £103M,1.38,145,Ligue 1 Uber Eats,6.23,2.44,0.11,,4.8,0.56,12%,0,12.2km,1.73,23.87,19.89,7.36,15.01,1.76,0.79,2.48,1.58,0.23,0.23,1.16,3.34,1.05,2.03,0,39%,1.43,73%,83%,7.92,0,0.23,2.18,0.04
Ret,  ,Enrique Soria,£1.8M  £5.6M,2.13,145,Spanish First Division,9.35,2.79,0.12,21%,4.24,0.68,16%,4,11.4km,0.97,20.53,17.15,6.06,16.5,1.12,1.09,3.71,2.09,0.09,0.35,1.18,3,0.97,1.68,0,30%,1.38,73%,84%,7.44,0,0.29,2.53,0.18
,  ,Alejandro Ballester,£32M  £97M,0.93,145,English Premier Division,3.9,1.13,0.04,15%,2.74,0.44,16%,11,12.7km,3.5,32.87,27.54,16.12,17.77,3.21,0.47,1.28,0.44,0.36,0.73,1.61,4.63,1.71,3.54,0,29%,2.52,82%,84%,12.99,0.07,0.29,1.71,0.07
Int,  ,Anthony Murillo,Not for Sale,1.06,145,English Premier Division,6.43,3.78,0.53,15%,3.99,0.6,15%,15,13.6km,4.1,41.8,33.71,16.11,13.89,5.51,0.46,1.55,0.49,0.25,0.78,2.12,4.38,1.55,3.53,0,59%,2.4,81%,81%,11.7,0,0.49,1.55,0.18
,  ,Alexandre Hernandez,£12.5M  £37M,1.76,145,Spanish First Division,3.47,0.88,0,14%,2.94,0.41,14%,7,11.9km,4.53,38.14,32.2,13.83,17.6,3.12,0.82,2.41,1.12,0.24,0.71,1.77,3.59,1.41,3.88,0,25%,2.53,81%,84%,12.54,0,0.18,1.53,
Int,  ,Tomáš Doležal,£14M  £42M,1.81,144,Spanish First Division,4.34,1.78,0.31,11%,0.81,0.09,12%,3,12.8km,0.84,48.03,42.78,12.21,12.93,3.4,0.41,0.78,0.34,0.41,0.47,1.72,12.62,1.31,2.87,0,41%,1.94,77%,89%,11.55,0.03,0.41,1.31,0.12
,  ,Joe Knight,£26M  £78M,1.5,144,English Premier Division,2.74,1.22,0.03,7%,0.79,0.06,7%,2,12.7km,1.22,47.87,42.13,12.13,16.27,3.56,0.2,0.47,0.12,0.32,0.58,1.87,11.52,0.96,2.57,0,45%,1.84,86%,88%,11.25,0.09,0.29,0.96,0.2
Int,  ,John Kameni,£26M  £77M,0.89,144,Spanish First Division,5.07,1.65,0,18%,9.24,1.35,15%,8,14.0km,3.42,39.01,32.14,16.75,12.35,4.28,0.64,1.73,0.56,0.15,0.68,1.95,4.54,1.54,3.64,0,33%,2.29,78%,82%,12.39,0,0.49,1.54,0.08
,  ,Fabio Campese,£23M  £68M,1.46,144,Italian Serie A,4.85,2.06,0.06,23%,2.48,0.59,24%,21,12.4km,2.34,33.34,27.93,14.34,13.11,3.15,0.25,0.67,0.39,0.2,0.59,1.84,6.03,1.28,3.74,0,43%,2.82,87%,84%,10.63,0,0.45,1.28,0.28
Wnt,  ,Eric Altkirch,£27M  £82M,1.66,144,Ligue 1 Uber Eats,4.13,1,0,11%,2.65,0.31,12%,11,12.4km,2.43,34.34,26.67,15.6,15.4,3.21,0.39,1,0.5,0.17,0.64,2.06,5.52,1.12,3.18,0,24%,2.76,79%,78%,13.87,0,0.45,1.12,0.33
Wnt,  ,Maximilian Rahn,£61M  £183M,1.21,143,Bundesliga,4.54,2.33,0,16%,2.75,0.47,17%,12,12.3km,2.68,36.74,32.59,15.91,13.73,2.72,0.85,2.25,0.93,0.23,0.85,1.59,4.62,1.51,3.72,0,51%,2.13,83%,89%,13.77,0,0.35,1.51,0.04
,  ,Massimo Asteriti,£25M  £75M,0.8,143,Bundesliga,6.18,3.89,0.32,20%,1.45,0.29,20%,10,13.2km,1.94,48.79,44.96,15.15,14.19,6.12,0.09,0.29,0.12,0.55,0.84,3.19,11.58,0.64,2.84,0.81,63%,2.79,77%,92%,8.56,0.17,0.12,0.64,0.06
,  ,Valerio De Marzo,£39M  £118M,2.29,143,Italian Serie A,4.05,0.81,0,11%,2.76,0.33,12%,13,12.4km,3.19,34.1,27.82,15.53,13.05,1.95,0.28,1.42,0.68,0.03,0.89,2.5,5.59,1.34,3.14,0,20%,2.33,88%,82%,0.99,0,0.61,1.34,0.3
Int,  ,Muzi Khumalo,£17.5M  £52M,1.25,143,Italian Serie A,4.75,0.78,0,12%,2.51,0.32,13%,7,11.8km,2.6,32.22,27.16,13.28,15.79,1.92,0.5,1.6,0.59,0.55,0.55,2.1,2.56,0.82,3.24,0,16%,2.42,85%,84%,12.55,0,0.18,0.91,0.09
,  ,Cristian Alfonso,£25M  £76M,1.14,142,English Premier Division,4.36,1.12,0,17%,2.96,0.51,17%,16,12.8km,2.17,32.85,25.45,16.34,11.95,4.08,0.13,0.45,0.16,0.35,0.61,2.71,4.78,1.4,3.54,0,26%,2.39,82%,77%,0,0,0.45,1.4,0.1
,  ,Marco De Palma,£19.5M  £58M,1.12,142,Ligue 1 Uber Eats,4.13,1.5,0.2,18%,1.38,0.25,18%,10,12.7km,1.33,49.12,45.34,14.31,14.91,6.33,0.1,0.63,0.15,0.58,1.18,2.13,11.38,0.93,2.1,0.33,36%,2.48,76%,92%,8.28,0.13,0.28,0.93,0.08
Wnt,  ,Andrea Di Venanzio,£2.7M  £8.2M,2.13,142,Italian Serie A,2.7,0.65,0.06,12%,1.63,0.15,9%,5,12.5km,1.04,47.27,41.45,11.52,14.67,3.03,0.24,0.86,0.39,0.36,0.68,1.43,14.37,1.04,3.06,0,24%,1.9,75%,88%,11.22,0,0.3,1.16,0.27
Int,  ,Eric Hourihane,£28M  £85M,1.2,142,English Premier Division,5.19,1.61,0,16%,3.34,0.55,16%,14,12.7km,3.38,34.18,27.85,15.89,12.12,3.85,0.39,1.02,0.39,,0.83,2.83,4.44,1.73,5.15,0,31%,3.34,83%,81%,13.45,0,0.35,1.73,0.12
,  ,Norman Schärtel,£39M  £118M,1.57,141,Bundesliga,3.87,0.7,0.03,12%,2.11,0.26,12%,8,12.1km,2.78,30.34,26.15,13.79,18.85,1.92,0.93,2.98,1.09,0.29,0.8,1.41,4.19,1.09,2.66,0,18%,2.08,88%,86%,11.43,0,0.42,2.08,0.29
,  ,Anatoliy Ilyin,£22M  £67M,1.21,141,Ligue 1 Uber Eats,3.56,1.21,0,17%,2.3,0.4,18%,7,12.7km,3.16,32.18,25.8,14.89,13.22,3.1,0.69,2.41,0.86,0.11,1.03,1.9,4.43,1.9,3.68,0,34%,2.41,79%,80%,12.93,0.06,0.11,1.9,0.06
,  ,Phil Morris,£9.6M  £29M,0.54,141,English Premier Division,3.15,1.14,0.03,6%,2.94,0.19,6%,6,12.7km,3.03,37.92,31.71,16.29,18.36,3.18,0.56,1.61,0.53,0.22,0.68,2.13,3.65,1.73,4.05,0,36%,2.5,81%,84%,12.89,0.03,0.34,1.73,0.12
Wnt,  ,Théo Gloor,£11.5M  £35M,1.03,141,Ligue 1 Uber Eats,3.74,0.56,0.04,21%,2.39,0.52,22%,14,12.4km,3.29,30.32,25.61,13.57,16.9,2.39,0.86,2.92,1.23,0.45,0.6,1.61,4.19,1.16,2.88,0,15%,2.32,90%,84%,12.68,0.11,0.34,1.53,0.11
Wnt,  ,Antoni Bargalló,£23M  £68M,1.31,141,Spanish First Division,3.99,0.92,0,10%,3.42,0.34,10%,12,12.0km,4.13,37.28,31.11,13.32,16.88,2.78,0.6,2.38,0.92,0.26,0.6,1.87,4.68,1.38,3.13,0,23%,1.78,68%,83%,12.74,0.03,0.4,1.75,0.17
nEU,  ,Fernando Pintado,£11M,1.43,141,Italian Serie A,3.08,0.56,0,9%,3.59,0.35,10%,8,13.6km,3.72,40.89,32.83,16.63,10.87,5.33,0.22,0.65,0.39,0.61,0.95,2.12,5.15,1.17,3.42,0,18%,1.99,75%,80%,13.21,0,0.39,1.17,0.17
,  ,John Davidson,£10M  £30M,0.93,141,Ligue 1 Uber Eats,3.75,0.69,0.03,17%,3.23,0.54,17%,20,12.7km,3,35.94,29.99,16.52,18.29,4.21,0.49,1.8,0.59,0.33,0.97,1.85,5.31,1.36,3.34,0,18%,2.26,79%,83%,13.24,0.08,0.28,1.36,0.1
,  ,Kostas Kabouridis,£24M  £71M,1.59,139,Ligue 1 Uber Eats,4.85,2.12,0.03,12%,2.24,0.24,11%,7,12.5km,1.59,32,26.89,15.28,15.97,3.35,0.42,1.53,0.6,0.42,0.81,1.65,6.46,1.29,2.63,0,44%,2,74%,84%,12.98,0,0.33,1.29,0.24
Int,  ,Aboubacar Karamoko,£1.8M  £5.4M,0.89,139,Italian Serie A,4.03,0.82,0.1,19%,4.95,0.89,18%,16,12.7km,2.49,31.5,25.69,15.38,14.01,2.63,0.17,0.72,0.24,0.31,0.82,2.05,4.51,1.33,3.38,0,20%,2.49,81%,82%,13.05,0.1,0.27,1.57,0.03
,  ,Nikola Bajić,£37M  £112M,0.83,139,Bundesliga,4.48,1.21,0.03,17%,2.74,0.47,17%,16,12.6km,3.83,37.52,32.39,14.99,17.02,2.6,0.71,2.39,0.77,0.18,0.59,1.98,3.48,1.33,3.57,0,27%,2.42,85%,86%,12.21,0.09,0.15,1.33,0.09
,  ,Federico Errico,£25M  £75M,1.62,139,Italian Serie A,4.65,1.01,0,12%,2.91,0.35,12%,9,12.9km,2.48,32.16,25.42,16.16,11.62,3.14,0.19,0.5,0.19,,0.93,2.4,4.18,1.39,3.14,0,22%,3.02,75%,79%,14.26,0,0.04,1.39,0.12
Wnt,  ,José,£18.5M  £55M,1.56,139,Bundesliga,4.18,2.18,0.03,16%,2.75,0.47,17%,18,12.2km,3.22,33.26,28.09,14.63,19.72,2.47,0.73,2.34,0.91,0.26,0.65,1.48,3.72,1.33,3.09,0,52%,2.13,85%,84%,12.7,0.03,0.23,1.84,0.08
Wnt,  ,Lionel Bosch,£17M  £51M,1.03,139,Italian Serie A,3.8,1.34,0.03,22%,8.74,1.51,17%,18,12.4km,2.82,37.84,31.69,13.98,16.67,3.26,0.71,2.79,0.97,0.3,0.87,1.48,4.94,1.68,3.43,0,35%,2.08,75%,84%,12.91,0.1,0.34,2.65,0.27
Wnt,  ,Antonio,£24M  £73M,1.8,138,Spanish First Division,3.98,1.34,0.07,19%,6.09,0.88,14%,23,13.1km,3.26,37.72,32.02,16.23,20.77,2.99,0.7,2.87,1,0.23,0.7,1.79,4.01,1.81,3.98,0,34%,2.63,83%,85%,13.6,0,0.34,1.81,0.18
,  ,Giorgos Kontos,£16M  £47M,1.21,138,Bundesliga,3.93,0.63,0,14%,2.23,0.33,15%,10,12.8km,2.89,37.36,33.04,16,19.63,2.7,0.4,1.73,0.7,0.23,0.47,1.56,3.49,1.2,3.43,0,16%,1.73,75%,88%,13.21,0.03,0.23,1.33,0.13
Wnt,  ,Paulo Roberto Ramos,£8.2M  £25M,2.25,138,Spanish First Division,4.89,1.98,0,17%,2.63,0.46,18%,17,13.0km,1.71,28.46,22.76,16.29,11.27,3.15,0.46,1.44,0.62,0.35,1.06,2.25,5.51,1.33,3.39,0,41%,2.25,75%,80%,13.36,0,0.35,1.33,0.19
Int,  ,Jerrel Verkennis,£2.4M  £7.4M,1.16,138,Ligue 1 Uber Eats,3.69,1.84,0,17%,6.61,1.04,16%,16,12.5km,2.73,38.47,31.63,16.22,11.84,5.38,0.58,1.61,0.61,0.38,0.61,1.77,5.53,1.27,3.3,0,50%,2.42,88%,82%,13.03,0,0.35,2.11,0.23
Wnt,  ,Damjan Kiš,£4.7M  £14M,0.52,138,Bundesliga,5.52,2.41,0,26%,8.58,1.38,16%,16,12.4km,2,29.47,23.75,15.2,13.27,3.38,0.48,1.17,0.38,0.28,0.52,2,4.38,1.21,2.9,0,44%,2.62,83%,81%,13.75,0.03,0.24,2.27,0.14
,  ,Sofiane Perquis,£36M  £108M,1.32,138,Bundesliga,4.81,1.03,0,16%,3.38,0.57,17%,10,13.5km,2.98,41.08,34.43,15.58,13.41,3.44,0.23,0.86,0.57,0.34,0.69,1.66,4.93,1.95,3.78,0,21%,2.69,89%,84%,15.18,0,0.4,2.41,0.17
Inj,  ,Antonino Ciuffreda,£16.5M  £50M,1.38,137,Italian Serie A,4.8,1.22,0,13%,2.69,0.29,11%,8,14.0km,2.9,40.77,33.86,16.41,12.36,4.69,0.57,1.72,0.61,0.21,0.9,1.76,4.41,1.29,3.55,0.04,25%,2.51,79%,83%,12,0,0.54,1.29,0.14
,  ,Roberto Tarantino,Not for Sale,1.44,137,Italian Serie A,3.91,1.53,0,13%,9.31,1.3,14%,9,12.0km,1.42,34.84,27.98,15.14,12.34,3.64,0.31,1,0.38,0.04,0.57,1.57,7.13,1.34,4.29,0,39%,2.72,83%,80%,1.23,0,0.5,1.34,0.15
,  ,Simone Gattuso,£18.5M  £55M,1.34,137,English Premier Division,4.2,0.42,0,12%,5.68,0.59,10%,13,12.6km,3.11,36.62,31.17,14.41,21.91,2.13,0.76,2.32,0.9,0.39,0.64,1.87,3.69,0.87,3.53,0,10%,2.46,88%,85%,12.7,0.06,0.2,1.65,0.08
,  ,Danny Main,£8.2M  £25M,1.64,137,Bundesliga,3.12,1.78,0.05,23%,4.25,0.84,20%,14,12.6km,3.41,38.52,32.79,15.08,14.49,3.81,0.1,0.84,0.4,0.3,0.69,1.88,4.05,1.63,3.56,0,57%,2.42,86%,85%,12.56,0,0.15,1.63,0.05
Wnt,  ,Andy Brown,£8.6M  £26M,0.83,137,English Premier Division,2.49,0.49,0,16%,1.65,0.23,14%,5,12.4km,0.91,51.74,45.44,11.87,15.39,4.2,0,0.23,0.1,0.13,0.58,1.16,9.18,2.2,3.27,0,19%,2.07,84%,88%,10.93,0,0.23,3.14,0.23
,  ,Miguel Pineda,Not for Sale,1.1,137,English Premier Division,3.73,0.7,0,16%,3.38,0.57,17%,20,12.6km,2.35,33.32,27.62,15.49,13.62,2.43,0.22,0.89,0.43,0.27,0.7,2.92,4.46,1.35,4.22,0,19%,3.19,86%,83%,13.68,0,0.41,1.35,0.19
,  ,Matteo Pesce,£12M  £37M,1.74,137,Italian Serie A,7,1.32,0,25%,0.34,0.08,25%,3,12.1km,1.35,21.97,18.51,7.37,20.02,0.48,1.55,3.82,1.83,0.11,0.39,1.01,2.28,0.53,1.6,0,19%,1.07,76%,84%,7.65,0,0.17,0.53,0.17
,  ,Michael Wendt,£9.6M  £29M,1.53,136,Bundesliga,4.61,1.36,0,23%,6.26,1.13,18%,16,12.6km,2.02,29.26,23.96,15.87,12.69,3.18,0.3,1.06,0.27,0.4,0.73,2.02,5.6,1.23,3.94,0,29%,3.11,77%,82%,13.59,0,0.27,1.23,0.13
Int,  ,Vlăduţ Boldici,£16M  £48M,1.42,136,Ligue 1 Uber Eats,4.36,1.97,0,13%,2.43,0.32,13%,9,12.2km,1.82,32.98,25.65,15.51,12.36,3.32,0.29,0.82,0.32,0.14,1.11,2.5,5.68,1.43,3.22,0,45%,2.54,88%,78%,14.04,0,0.32,1.43,0.18
,  ,Sverre Bergesen,£11M  £33M,1.78,136,Spanish First Division,5.02,1.69,0,20%,3.05,0.62,20%,15,13.6km,3.91,40.8,32.65,16.3,13.3,4.78,0.29,1.03,0.21,0.49,0.99,2.84,4.32,1.24,2.84,0,34%,2.06,86%,80%,12.31,0,0.29,1.24,0.04
Wnt,  ,Vaughan ZamoraOlaofe,£17.5M  £52M,1.46,136,English Premier Division,4.71,0.75,0,12%,1.96,0.25,13%,8,13.8km,3.65,41.01,33.66,16.73,15.61,3.71,0.28,0.75,0.47,0.37,0.72,2.52,3.27,1.99,3.05,0,16%,2.09,80%,82%,11.78,0,0.19,1.99,0.16
Int,  ,Wilson Silva,£25M  £74M,2.31,136,Italian Serie A,6.37,3.58,0.23,13%,2,0.26,13%,8,13.5km,3.68,41.16,33.64,15.39,13.23,4.5,0.62,1.48,0.56,0.53,0.62,2.36,5.91,1.08,2.79,0,56%,1.84,78%,82%,12.14,0,0.59,1.08,0.49
Int,  ,Altin Asani,£16M  £47M,1.18,136,English Premier Division,5.74,2.67,0,27%,2.61,0.72,27%,14,13.3km,2.67,34.6,28.5,16.5,14.25,2.31,0.77,2.15,0.67,0.31,0.72,1.85,4.31,1.18,3.18,0,46%,2.26,83%,82%,12.45,0,0.46,1.18,0.05
,  ,Taiki Iijima,£8M  £24M,1.68,135,Ligue 1 Uber Eats,4.4,0.75,0,31%,6.08,1.08,18%,15,13.1km,3.88,39.06,32.51,15.25,13.8,5.94,0.47,1.68,0.56,0.51,0.94,1.78,4.02,1.22,2.53,0,17%,2.1,83%,83%,10.48,0,0.14,2.34,
Wnt,  ,Saïd Grondin,£14M  £42M,1.49,135,Ligue 1 Uber Eats,4.37,0.96,0,24%,2.32,0.57,24%,23,13.1km,3.28,37.44,31.79,14.98,17.97,2.64,0.74,1.8,0.67,0.37,0.62,2.1,3.06,1.21,3.23,0,22%,2.2,85%,85%,12.02,0.02,0.12,1.21,0.15
,  ,Adolfo,£5.4M  £16.5M,1.28,135,Spanish First Division,4.38,1.34,0,23%,5.26,0.82,16%,11,11.6km,3.14,35.98,29.85,11.49,15.36,2.37,1.08,2.89,1.08,0.31,0.72,1.96,4.18,1.44,2.68,0,31%,1.65,78%,83%,12.16,0.1,0.21,1.44,0.21
,  ,Antony Molloy,£11M  £33M,1.1,134,English Premier Division,6.6,3.34,0.43,13%,4.74,0.62,13%,12,13.5km,3.22,41.82,34.67,15.8,15.61,4.5,0.35,1.32,0.43,0.35,0.62,2.17,4.04,1.28,2.68,0,51%,2.1,84%,83%,12.46,0,0.43,1.28,0.08
Trn,  ,John Radford,£40M,1.1,134,Ligue 1 Uber Eats,6.83,1.78,0.08,12%,4.89,0.67,14%,2,11.7km,1.38,21.83,18.99,6.39,18.99,0.79,1.07,3.08,1.5,,0.39,0.75,1.74,0.75,1.46,0,26%,0.99,68%,87%,7.14,0.08,,0.83,0.2
Wnt,  ,Marc Ortega,£7.4M  £22M,1.27,134,Spanish First Division,4.51,1.4,0.11,15%,3.62,0.57,16%,20,12.6km,2.4,36.02,30.83,14.86,14.37,2.77,0.4,1.25,0.54,0.17,0.74,1.63,4.36,1.54,3.45,0,31%,2.54,79%,86%,12.75,0,0.26,1.54,0.03
Wnt,  ,Luca Tocco,£11.5M  £35M,0.92,134,Italian Serie A,4.52,1.41,0.03,13%,3.59,0.48,13%,17,12.9km,2.52,31.09,26.03,16.11,18.99,1.98,0.51,1.41,0.54,0.23,0.71,1.33,3.62,1.33,3.28,0,31%,2.6,81%,84%,12.58,0.06,0.11,1.33,0.06
,  ,Gonzalo Jiménez,£9.4M  £28M,1.72,133,Ligue 1 Uber Eats,4.36,1.89,0,30%,2.89,0.88,31%,15,13.0km,2.42,38.45,32.32,16.63,15.16,2.83,0.65,2.54,0.83,0.24,0.77,1.71,5.66,1.36,3.83,0,43%,2.12,64%,84%,13.15,0,0.12,1.36,0.18
,  ,Nicklas Maul,£8.8M  £26M,1.48,133,Bundesliga,3.12,0.48,0,17%,2.94,0.52,18%,12,12.4km,2.94,32.8,26.87,14.71,18,2.34,0.35,1.38,0.65,0.35,0.91,2.12,3.81,1.3,3.38,0,15%,2.77,93%,82%,11.21,0.04,0.3,1.3,0.13
,  ,Antonio Giordano,£7.8M  £24M,1.31,133,Italian Serie A,4.81,1.46,0,11%,3.11,0.35,11%,9,11.6km,2.17,28.91,23.83,15.79,12.76,3.35,0.55,1.65,0.47,,0.75,2.05,5.55,1.46,2.95,0,30%,2.88,81%,82%,13.31,0,0.35,1.46,0.16
,  ,Isidre Planagumá,£7.6M  £23M,1.65,133,Spanish First Division,4.45,1.04,0,19%,1.95,0.35,18%,5,12.8km,2.71,31.65,26.64,13.98,12.31,2.02,0.35,1.88,0.77,0.42,0.63,1.95,2.99,0.97,2.92,0,23%,2.02,85%,84%,10.43,0,0.14,0.97,0.14
,  ,Mário,£16.5M  £50M,1.94,133,Spanish First Division,4.11,0.72,0,6%,3.54,0.24,7%,3,13.0km,3.78,40.17,33.17,18.27,14.01,5.23,0.16,0.72,0.24,0.16,0.64,2.09,4.51,1.13,3.3,0,18%,2.58,86%,83%,12.24,0,,1.13,0.4
,  ,Koji Inamori,£9.4M  £28M,1.1,132,Bundesliga,4.21,1.23,0,17%,11.09,1.38,12%,15,12.4km,2.72,28.25,22.74,15.63,10.98,1.82,0.45,1.27,0.33,0.37,0.6,2.12,4.95,1.19,3.31,0,29%,3.35,84%,81%,13.92,0,0.48,1.19,0.22
,  ,Guillermo Rodríguez,£7M  £21M,1.78,132,Ligue 1 Uber Eats,5.48,2.23,0,14%,2.29,0.32,14%,10,12.9km,2.03,33.45,26.48,16.32,12.9,3.61,0.45,1.1,0.39,0.19,0.77,2.16,4.29,1.52,2.87,0,41%,3,82%,79%,13.45,0,0.81,1.52,0.32
Wnt,  ,Jonne Heinonen,£12.5M  £37M,0.62,132,English Premier Division,4.08,0.71,0,18%,3.08,0.56,18%,15,13.0km,2.71,35.61,29.59,15.97,18.82,2.08,0.48,1.34,0.45,0.3,0.63,1.52,2.34,1.15,3.27,0,17%,2.26,95%,83%,12.25,0.04,,1.15,0.04
,  ,Chechu,£13M  £39M,1.44,132,Spanish First Division,4.23,0.73,0,13%,2.66,0.33,13%,10,12.5km,3.06,33.81,27.95,15.66,12.39,3.1,0.37,0.9,0.47,0.2,0.8,1.77,4.53,1.2,4.03,0,17%,3.2,75%,83%,13.92,0,0.43,1.67,0.03
,  ,Daniel McCaul,£17.5M  £53M,1,132,Italian Serie A,5.68,2.04,0,4%,2.74,0.13,5%,4,12.4km,3.34,31.13,26.91,13.14,18.62,2.31,0.13,0.47,0.23,0.4,0.84,1.94,3.18,1.17,2.44,0,36%,1.74,84%,86%,12.1,0.07,0.13,1.34,0.03
,  ,Arthur Studer,£11M  £32M,0.85,132,English Premier Division,4.86,1.84,0,13%,2.39,0.31,13%,8,11.8km,2.08,27.87,21.87,15.64,13.13,3.88,0.2,0.51,0.12,0.43,0.98,2.23,4.16,1.14,3.45,0,38%,3.61,85%,78%,14.31,0,0.27,1.14,0.04
,  ,Robert Molnes,£10.5M  £31M,0.8,131,Bundesliga,4.29,1.1,0,18%,3.68,0.64,17%,17,12.7km,2.92,38.38,31.32,16.68,22.04,2.74,0.61,1.95,0.58,0.12,0.55,1.67,4.5,1.49,2.5,0,26%,2.16,88%,82%,12.42,0.06,0.24,1.49,0.09
,  ,Ben Burrows,£17.5M  £52M,0.94,131,English Premier Division,5.51,1.65,0.04,11%,2.77,0.3,11%,8,12.2km,2.66,34.24,28.24,12.15,21.45,2.21,0.71,1.69,0.79,0.49,0.53,1.27,3.79,1.05,2.77,0,30%,1.76,78%,82%,12.04,0,0.07,1.05,0.04
,  ,Rachid Soré,£6M  £18M,1.24,131,Spanish First Division,3.62,2.48,0.21,,1.27,0,0%,0,13.4km,1.62,46.05,40.23,15.67,19.77,5.65,0.07,0.21,0.03,0.69,1.1,2.48,9.82,1.03,2.41,0.48,69%,3.38,84%,87%,9.09,0.14,0.21,2.07,0.14
,  ,Jenisej Miklić,£10.5M  £31M,1.37,131,Ligue 1 Uber Eats,3.33,0.61,0,18%,2.23,0.41,18%,10,13.0km,3.09,39.19,31.48,16.61,16.12,3.13,0.2,0.57,0.28,0.24,0.73,1.75,4.02,1.91,3.29,0,18%,2.15,75%,80%,11.57,0,0.16,1.91,0.04
Wnt,  ,Damián,£9M  £27M,1.68,131,Italian Serie A,4.46,0.82,0,15%,1.75,0.27,16%,10,13.4km,3.47,41.39,34.06,19.03,15.5,4.35,0.71,1.89,0.9,0.52,1.01,2.35,5.52,1.12,3.64,0,18%,2.3,81%,82%,14.3,0,0.38,1.12,0.22
Wnt,  ,Quentin Combes,£7.8M  £23M,0.35,131,English Premier Division,5.02,0.85,0,13%,5.81,0.66,11%,12,12.8km,3.01,29.62,25.17,14.37,19.77,2.42,0.56,1.6,0.38,0.25,0.5,1.35,2.64,1,3.7,0,17%,3.2,86%,85%,12.14,0,0.16,1,0.03
,  ,David Granell,£10.5M  £32M,1.93,131,Ligue 1 Uber Eats,3.9,0.53,0,26%,2.81,0.75,27%,17,12.0km,2.98,30.39,25.22,13.95,16.89,2.85,0.92,2.06,0.96,0.09,0.57,2.02,4.3,1.32,3.77,0,13%,3.33,93%,83%,13.03,0.09,0.22,1.32,0.09
Wnt,  ,Callum Rooney,£6.4M  £19.5M,0.76,131,English Premier Division,4.14,1.94,0.09,21%,3.61,0.79,22%,9,12.8km,3.09,35.17,29.27,14.28,18.07,2.56,0.71,2.38,0.97,0.26,0.79,1.59,2.56,0.97,3.26,0,47%,2.47,82%,83%,11.99,0,0.26,2.64,0.18
Wnt,  ,Paul Michael,£6.6M  £20M,0.78,131,English Premier Division,3.59,0.75,0.03,14%,3.92,0.55,14%,20,13.2km,1.96,39.93,34.24,16.39,16.97,3.45,0.14,0.44,0.19,0.44,0.83,2.13,4.92,1.58,3.29,0.14,21%,2.76,79%,86%,11.05,0.06,0.25,1.58,0.08
Int,  ,Matyáš Bína,£10M  £30M,1.79,130,Ligue 1 Uber Eats,3.47,1.95,0,27%,3.36,0.92,27%,17,13.0km,1.35,40.31,31.81,15.66,15.28,4.98,0.43,1.14,0.27,0.43,1.14,1.57,5.58,1.95,3.2,0,56%,2.17,80%,79%,12.35,0,0.38,1.95,0.49
,  ,Mario Feistle,£5M  £15M,1.28,130,Bundesliga,4.07,1.94,0.03,21%,0.92,0.13,14%,4,13.2km,1.44,35.22,30.2,12.31,21.86,1.74,0.49,1.77,0.79,0.26,0.92,1.9,10.47,0.98,2.2,0,48%,1.77,83%,86%,10.21,0.03,0.23,1.05,0.2
,  ,Nathan Rondini,£2.4M  £7.2M,1.38,130,Ligue 1 Uber Eats,5.18,2.06,0,13%,4.12,0.66,16%,5,11.8km,2.19,28.78,22.53,14.96,16.62,2.99,0.4,1.46,0.53,0.2,0.93,2.53,3.59,1.2,3.79,0,40%,3.19,77%,78%,13.96,0,0.27,1.26,0.13
,  ,Josip Gusić,£8.8M  £26M,1.16,130,Italian Serie A,5.95,3.05,0.39,28%,2.23,0.63,28%,13,13.1km,3.53,37.96,32.34,16.46,10.8,4.5,0.39,1.07,0.44,0.29,0.44,2.28,5.08,1.36,2.71,0,51%,1.79,84%,85%,11.09,0,0.44,1.36,0.39
,  ,Emilio Duah,£5.2M  £15.5M,1.51,130,Italian Serie A,4.74,0.72,0,18%,2.28,0.42,18%,14,12.6km,1.89,35.38,29.05,15.73,15.49,3.48,0.24,0.99,0.27,0.27,0.81,1.98,4.23,1.59,2.85,0,15%,1.92,79%,82%,12.18,0.03,0.33,1.59,0.12
,  ,Gianni Tofanari,£4M  £12M,1.74,129,Italian Serie A,4.11,1.66,0,10%,4.26,0.53,12%,9,12.8km,3.85,33.47,28.87,19.51,17.32,2.68,0,0.11,0,0.64,1.13,2.34,2.72,0.87,2.57,0,40%,1.43,76%,86%,12.38,0,0.19,0.87,0.15
Wnt,  ,Aziz Miya,£3.5M  £10.5M,1,129,Bundesliga,5.21,2.02,0.08,16%,2.78,0.34,12%,4,12.2km,2.27,30.2,24.48,14.47,18,2.1,0.67,1.26,0.34,0.5,0.67,1.77,4.54,0.93,2.69,0,39%,2.02,83%,81%,12.62,0,0.17,0.93,0.08
,  ,Ivan Donda,£8.4M  £25M,1.1,129,Bundesliga,6.51,1.94,0.05,12%,0.37,0.05,13%,1,12.5km,0.83,20.74,17.51,6.88,19.17,0.92,0.92,2.86,1.34,0.18,0.23,1.11,1.8,1.02,1.8,0,30%,1.2,67%,84%,7.25,0,0.05,1.02,0.23
,  ,Jarno Scherder,£550K  £1.7M,0.94,128,Bundesliga,4.63,1.16,0,30%,8.91,1.81,20%,11,12.6km,2.97,33.09,27.88,15.57,17.02,2.03,0.8,2.75,0.72,0.22,0.94,1.95,6.01,1.45,3.4,0,25%,2.39,79%,84%,12.74,0.07,0.22,1.45,0.14
Wnt,  ,Joe Jans,£2.2M  £6.8M,1.21,128,Spanish First Division,5.51,1.68,0,16%,5.56,0.88,16%,19,12.7km,2.82,30.56,24.5,16,15.87,3.37,0.29,0.76,0.34,0.51,1.56,2.19,3.66,1.3,2.74,0,31%,1.98,89%,80%,12.21,0,0.21,1.3,0.25
,  ,Milan Chovan,£1.9M  £5.6M,1.34,128,Ligue 1 Uber Eats,5.72,2.18,0,23%,3.69,0.83,23%,17,12.2km,2.9,33.28,26.21,15.13,15.89,3.26,0.48,1.23,0.44,0.91,0.99,2.26,4.61,1.15,2.9,0,38%,2.26,93%,79%,12.23,0.04,0.36,1.15,0.16
Int,  ,JeanPierre Kémo,£4M  £12M,1.17,128,Ligue 1 Uber Eats,7.2,2.65,0.08,19%,2.89,0.55,19%,14,12.5km,2.06,29.12,24.49,12.66,21.96,1.7,0.44,1.98,0.87,0.16,0.63,1.31,2.29,1.15,2.57,0,37%,2.02,80%,84%,8.78,0,0.2,1.15,0.2
,  ,Paul Castelli,£800K  £2.5M,0.88,128,Italian Serie A,4.91,1.08,0,12%,4.29,0.5,12%,11,12.8km,3.45,32.37,28.46,13.11,16.73,2.08,0.67,1.46,0.62,0.21,0.54,2.04,2.95,0.92,2.79,0,22%,2.04,91%,88%,10.94,0,0.25,0.96,0.04
,  ,Giancarlo Carbone,£800K  £2.5M,0.59,128,Italian Serie A,4.9,1.59,0,10%,3.12,0.34,11%,12,12.3km,1.96,33.36,27.33,15.76,14.09,3.66,0.34,1.19,0.4,0.14,0.74,1.47,4.93,1.79,3.97,0,32%,3.03,91%,82%,11.08,0.06,0.34,1.81,0.06
Wnt,  ,Paolo Donda,£2.5M  £7.6M,0.66,128,Italian Serie A,4.28,1.16,0,5%,2.77,0.35,13%,1,12.7km,1.86,36.76,31.89,11.5,14.09,2.56,0.56,1.86,0.53,0.46,0.56,1.68,12.27,1.12,2.7,0,27%,1.37,72%,87%,11.11,0.04,0.28,2.91,0.28
,  ,Alfred Delgado,£7M  £21M,1.23,128,Spanish First Division,9.96,3.82,0.16,,0.44,0,0%,0,11.5km,1.51,21.86,18.8,6.53,20.03,0.56,1.27,3.66,1.87,0.2,0.56,1.08,1.39,0.48,1.39,0,38%,0.96,77%,86%,6.57,0,0.08,0.48,
Int,  ,Juan Navarrete,£7.8M  £23M,1.06,128,Bundesliga,4.82,0.85,0.04,17%,11.24,1.78,16%,9,12.4km,3.68,33.65,26.76,15.43,16.87,3.21,0.25,0.97,0.3,0.3,0.85,2.71,4.23,1.1,3.64,0,18%,2.11,74%,80%,11.37,0.21,0.38,1.18,0.08
Wnt,  ,Vladyslav Bohdanov,£950K  £2.9M,0.85,127,Ligue 1 Uber Eats,4.6,0.59,0.04,15%,9.76,1.03,11%,12,12.3km,2.5,29.98,25.23,14.1,19.48,3.17,0.22,0.99,0.37,0.37,0.96,2.17,2.91,1.4,3.46,0,13%,2.21,83%,84%,11.45,0.04,0.18,1.47,0.07
Wnt,  ,Bruno Henrique,£5.2M  £15.5M,0.72,127,Ligue 1 Uber Eats,8.27,3.18,0.12,12%,1.67,0.2,12%,5,11.7km,1.71,26.09,22.26,9.42,17.93,1.35,0.65,2.36,1.22,0.24,0.73,0.9,2.08,1.02,2.32,0,38%,1.87,85%,85%,8.52,0,0.08,1.02,0.12
,  ,Patrik Cimirotič,£6.2M  £19M,1.27,127,Italian Serie A,6.14,2.03,0,7%,2.61,0.2,8%,7,11.8km,3.04,32.94,27.03,14.05,14.8,3.33,0.41,1.45,0.67,0.26,0.9,1.62,4.23,1.25,2.64,0,33%,2.03,85%,82%,11.07,0.14,0.29,1.25,0.23
,  ,Joseba Peña,£5.2M  £15.5M,1.27,127,Spanish First Division,3.78,1.83,0.25,10%,2.77,0.28,10%,9,12.9km,1.29,47.05,41.73,17.31,18.22,5.54,0,0.06,0,0.5,0.91,2.01,11.14,0.94,2.45,1.01,48%,3.24,85%,89%,9.31,0.13,0.09,0.94,
,  ,Rodrigo Mariño,£5M  £15M,0.76,127,Spanish First Division,5.38,1.88,0.15,27%,2.65,0.73,28%,19,12.4km,2.04,34.45,29.6,13.11,22.76,2.73,0.38,1.19,0.5,0.5,1.04,1.77,3.96,1.46,3.19,0,35%,2.19,86%,86%,11.38,0,0.08,1.46,
Trn,  ,Giovanni Trasciani,£1.3M  £3.9M,1.16,126,Italian Serie A,5.59,2.3,0,11%,5.06,0.56,11%,17,11.7km,2.63,30.77,25.01,16.3,12.29,3.62,0.16,0.39,0.16,0.39,1.02,2.24,5.19,1.41,3.19,0,41%,2.86,87%,81%,11.18,0,0.26,1.41,0.07
Lst,  ,Frederick Onovo,£7M,1.27,126,Spanish First Division,6.2,2.57,0,13%,5.28,0.64,12%,14,12.4km,1.74,31.85,27.03,15.88,16.71,2.62,0.18,0.69,0.28,0.41,0.78,1.61,3.26,1.01,3.44,0,41%,2.16,85%,85%,11.8,0,0.32,1.01,0.14
,  ,Joseba Del Río,£3.6M  £10.5M,0.94,126,Ligue 1 Uber Eats,4.75,0.68,0.04,11%,2.56,0.3,12%,8,12.3km,1.96,30.24,25.37,13.46,18.32,2.79,0.79,2.45,1.09,0.3,0.72,1.47,3.54,1.47,2.34,0,14%,1.73,85%,84%,11.8,0,0.23,1.47,0.11
,  ,Marco Banzer,£2.4M  £7.4M,0.82,126,Italian Serie A,5.57,2.57,0.07,10%,3.24,0.37,11%,9,12.2km,2.97,31.65,27.04,13.85,20.6,2.74,0.4,1.77,0.5,0.23,0.87,2.07,3.77,1.3,3.1,0,46%,2.3,81%,85%,10.85,0.07,0.13,1.3,0.03
,  ,Esteban Calderón,£8M  £24M,1,126,Spanish First Division,5.34,2.13,0.04,8%,3.02,0.26,9%,7,11.8km,3.39,32.1,26.72,15.79,16.64,3.57,0.22,0.85,0.33,0.37,1.36,2.1,3.42,1.47,3.31,0,40%,2.43,81%,83%,11.6,0.04,0.29,1.47,0.18
Wnt,  ,Sebastian Johansson,£2.1M  £6.4M,0.5,126,Spanish First Division,6.76,2.47,0.12,19%,2.38,0.46,19%,15,12.4km,1.42,30.87,26.46,13.31,18.99,2.38,0.62,1.85,0.86,0.09,0.9,1.54,3.67,1.48,2.87,0,37%,2.01,77%,86%,10.81,0.03,0.25,1.48,0.28
,  ,Cyrus Yeganeh,£4.5M  £13.5M,1.23,126,English Premier Division,5.22,2.17,0.08,17%,3.37,0.6,18%,15,12.7km,1.85,32.13,26.59,15.34,14.58,3.86,0.12,0.44,0.12,0.6,0.8,2.01,5.46,1.16,3.09,0,42%,2.41,85%,83%,12.17,0,0.12,1.16,0.12
,  ,Sebastián,£1.6M  £4.9M,1.38,125,Spanish First Division,5.32,1.47,0.03,19%,3.69,0.71,19%,22,12.6km,2.56,32.63,28.01,15.45,17.05,2.76,0.77,2.34,1.09,0.38,0.77,1.63,5.35,1.38,3.27,0,28%,2.37,83%,86%,12.85,0,0.38,1.38,0.1
,  ,Cristian Fuentes,£5.2M  £15.5M,1.18,125,Ligue 1 Uber Eats,4.87,1.42,0.03,23%,8.3,1.48,18%,26,12.3km,2.54,34.18,29.51,14.82,20.52,2.17,0.89,2.27,0.82,0.26,0.72,1.25,5.14,1.15,2.63,0,29%,1.94,89%,86%,12.41,0.03,0.23,1.32,0.07
,  ,Jon Amorrortu,£15M  £45M,1.39,125,Spanish First Division,4.65,0.39,0,8%,3.32,0.29,9%,9,11.9km,2.89,32.55,27.02,15.93,14.86,3.74,0.33,1.3,0.39,0.33,1.4,2.24,4.58,1.63,3.48,0,8%,2.83,90%,83%,11.54,0.16,0.16,1.63,0.16
Wnt,  ,Lawson Coultas,£4.2M  £12.5M,0.61,125,English Premier Division,4.67,0.84,0.15,13%,3.56,0.48,14%,14,12.0km,2.83,32.52,27.25,14.8,21.01,2.29,0.57,1.51,0.54,0.3,0.84,1.99,2.68,1.27,3.62,0,18%,2.38,82%,84%,12.66,0,0.09,1.27,0.03
,  ,Lorenzo Raso,£2.2M  £6.6M,1.1,125,Italian Serie A,5.05,2.81,0.24,12%,2.76,0.33,12%,7,12.9km,1.05,47.38,41,15.48,13.81,6.24,0.05,0.29,0.05,0.76,1.43,2.24,10.33,1.05,3.29,0.62,56%,3.52,91%,87%,8.71,0.1,0.05,1.05,
,  ,Andrea Alessio,£3.2M  £9.6M,1.03,125,Italian Serie A,5.26,1.25,0.06,16%,3.35,0.55,17%,20,12.4km,2.19,30.66,25.54,15.15,18.34,2.88,0.33,1.11,0.39,0.22,0.8,1.72,3.52,1.39,3.38,0,24%,2.77,90%,83%,12.33,0,0.19,1.39,
,  ,Antonio Clavijo,£3M  £8.8M,0.89,125,Spanish First Division,5.51,1.36,0,9%,3.47,0.34,10%,5,12.0km,2.04,34.46,28.89,14.95,18.35,3.13,0.61,2.04,1.02,0.14,1.02,1.02,3.53,1.56,3.74,0,25%,3.06,94%,84%,12.17,0,0.27,1.56,0.07
Int,  ,Yannick Siry,£3.8M  £11.5M,1.18,124,Bundesliga,4.12,0.76,0.03,17%,3.08,0.54,18%,17,12.2km,3.05,32.14,27.54,15.89,14.94,3.27,0.1,0.29,0.1,0.51,1.17,2.03,3.87,1.43,3.93,0,18%,2.35,81%,86%,11.45,0.1,0.16,1.43,0.03
Wnt,  ,Daniel Nicholson,£1.7M  £5.2M,0.55,123,Bundesliga,4.59,1.74,0.04,16%,3.44,0.56,16%,14,12.2km,2.74,31.46,26.39,15.54,18.32,2.33,0.7,1.81,0.85,0.44,0.93,2.11,3.18,0.93,3.52,0,38%,2.41,82%,84%,11.69,0,0.15,0.93,0.11
Inj,  ,Paolo Invernizzi,£750K  £2.2M,0.53,122,Spanish First Division,9.22,2.17,0,20%,0.39,0.08,20%,2,11.0km,1.43,21.18,17.66,6.12,17.97,1.01,1.01,2.9,1.32,0.04,0.93,1.05,1.12,0.81,1.36,0,24%,1.05,84%,83%,6.78,0.15,0.04,0.81,
,  ,Robert Gutiérrez,£2.6M  £7.8M,0.97,122,Italian Serie A,6.31,2.69,0,9%,3.62,0.35,10%,11,12.7km,3.23,35.04,29.37,15.28,20.88,2.47,0.83,2.34,0.83,0.26,0.96,1.57,4.64,1.47,3.2,0,43%,2.37,82%,84%,12.49,0.06,0.29,1.47,0.22
,  ,Ben Munro,£4.3M  £13M,0.89,121,English Premier Division,4.67,0.81,0,23%,3.11,0.75,24%,23,12.3km,2.82,32.51,26.8,15.61,19.08,3.8,0.06,0.32,0.13,0.32,1.07,1.91,3.5,1.2,3.08,0,17%,2.11,82%,82%,11.78,0.06,0.36,1.46,0.1
,  ,Jan Rapp,£3.3M  £10M,1.07,121,Bundesliga,3.82,1.69,0.14,14%,6.45,0.94,15%,26,11.5km,2.77,30,24.35,15.49,16.6,3.35,0.36,1.48,0.36,0.5,1.33,2.2,4.32,1.48,3.28,0,44%,2.02,82%,81%,11.16,0.07,0.11,1.48,0.11
Lst,  ,Artur Shapovalov,£2.1M,0.94,121,Spanish First Division,5.93,2.17,0,25%,2.53,0.65,26%,9,13.2km,3.4,31.04,25.76,15.34,19.32,3.26,0.22,0.8,0.51,0.43,1.01,1.95,3.11,1.23,3.83,0,37%,2.39,92%,83%,11.94,0.14,0.43,1.59,0.07
Wnt,  ,Sjoerd Zondervan,£7M,0.84,121,Ligue 1 Uber Eats,4.74,0.96,0,9%,3.03,0.28,9%,8,12.5km,2.89,30.56,25.51,14.99,21.55,1.79,0.72,1.79,0.55,0.45,0.96,1.75,2.3,0.93,3.75,0,20%,2.54,79%,83%,12.65,0.07,0.14,0.93,0.03
,  ,Josu Ramos,£4M  £12M,0.41,121,Spanish First Division,5.43,2.83,0.03,11%,3.59,0.41,11%,14,12.4km,2.39,31.68,27.66,12.98,20.63,2.07,0.35,2.01,0.76,0.32,0.73,1.63,4,1.05,3.24,0,52%,2.39,85%,87%,11.38,0.03,0.26,2.3,0.2
,  ,Kacper Pańkowski,£5.6M  £17M,0.57,120,Spanish First Division,4.67,1.56,0,16%,4.11,0.68,17%,11,12.3km,2.68,32.74,27.39,15.56,20.04,1.93,0.25,1.43,0.5,0.37,0.93,2.05,2.61,0.81,3.49,0,33%,2.8,92%,84%,12.01,0.06,0.19,0.81,0.06
Wnt,  ,Lorenzo Musetti,£1.5M  £4.5M,0.67,120,Italian Serie A,8.89,1.69,0.07,,0.5,0,0%,0,11.7km,1.32,21.92,18.88,7.44,20.63,0.63,0.6,1.42,0.6,0.1,0.69,1.02,0.79,0.6,1.32,0,19%,0.79,65%,86%,7.51,0,0.07,0.6,0.03
Wnt,  ,César Santos,£950K  £2.8M,0.74,120,Italian Serie A,5.35,1.56,0,14%,2.92,0.41,14%,10,12.0km,2.71,30.69,25.26,13.12,18.76,2.34,0.33,1.36,0.33,0.16,0.62,1.65,1.97,1.36,2.18,0,29%,1.6,87%,82%,10.61,0.04,0.08,1.36,0.08
Wnt,  ,Francisco Alonso,£400K  £1.2M,0.46,119,Spanish First Division,5.05,0.82,0.06,12%,3.04,0.37,12%,12,12.4km,3.5,30.64,26.08,14.76,19.75,1.83,0.43,1.19,0.24,0.46,0.76,1.8,3.1,1,3.07,0,16%,2.28,86%,85%,11.84,0.03,0.09,1,0.06
Wnt,  ,José Manuel,£2.8M  £8.6M,0.86,118,Spanish First Division,4.08,0.57,0,15%,3.29,0.51,15%,16,12.2km,2.69,33.71,29.06,13.74,18.96,2.69,0.41,1.36,0.35,0.41,1.01,2.06,2.94,1.36,2.98,0,14%,2.18,79%,86%,12.16,0.03,0.09,1.36,0.03
Wnt,  ,Martial Gueï,£140K  £425K,0.81,118,Ligue 1 Uber Eats,5.16,2.13,0,14%,3.18,0.47,15%,16,11.9km,3.12,32.5,27.42,15.11,18.67,2.86,0.82,2.77,0.93,0.15,0.7,1.9,3.24,1.08,3.47,0,41%,2.48,84%,84%,11.99,0.06,0.55,1.08,0.12
Wnt,  ,David Gutiérrez,£1.8M  £5.4M,0.5,118,Spanish First Division,4.05,0.89,0,16%,4.17,0.7,17%,22,12.2km,2.39,30.46,25.49,15.07,20.33,2.33,0.67,1.85,0.67,0.29,0.73,1.85,3.7,1.15,3.73,0,22%,2.61,83%,84%,12.01,0,0.16,1.15,0.03
Wnt,  ,Daouda Diakhaby,£275K  £800K,0.79,117,Italian Serie A,4.32,0.54,0,10%,2.94,0.29,10%,6,12.3km,2.6,29.39,25.03,14.28,22.43,2.01,0.15,0.64,0.25,0.44,0.98,1.67,3.58,1.18,2.85,0,13%,2.16,92%,85%,12.22,0,0.15,1.18,0.1
,  ,Giuseppe Migliorini,£2.6M  £7.8M,1.19,117,Italian Serie A,7.02,1.96,0,18%,2.63,0.48,18%,10,11.9km,2.05,27.52,22.93,10.51,17.34,2.29,0.43,1.48,0.86,0.43,0.76,1.43,2.25,1.05,2.15,0,28%,1.29,69%,83%,8.69,0.14,0.05,1.05,
,  ,Xavier Rondeau,£1.9M  £5.6M,1.53,116,Ligue 1 Uber Eats,4.61,0.73,0,14%,5.97,0.87,15%,26,12.5km,3.24,33.34,26.93,12.38,18.35,2.97,0.17,0.93,0.23,0.4,1.13,2.17,4.24,1.03,2.77,0,16%,1.5,70%,81%,10.34,0.03,0.5,1.03,0.27
Lst,  ,Maarten Schouten,£1.5M,1.56,115,Ligue 1 Uber Eats,4.51,0.82,0,9%,2.62,0.26,10%,6,12.2km,3.18,30.7,25.81,15.2,14.43,3.86,0.26,1.25,0.47,0.56,0.94,1.93,4.17,1.16,3.44,0,18%,2.02,84%,84%,12.62,0.04,0.21,1.16,0.09
Ask,  ,Sebastiano Ferrante,£250K  £750K,1.11,113,Italian Serie A,3.05,1.53,0,21%,1.35,0.32,23%,8,12.3km,0.72,45.94,40.18,10.74,15.35,3.14,0.03,0.2,0.12,0.17,0.32,1.5,7.6,1.01,3.02,0,50%,1.84,74%,87%,11.17,0.03,0.14,1.24,0.14
,  ,Jakob Blume,£500K  £1.5M,0.67,112,Italian Serie A,4.33,0.71,0,9%,4.03,0.37,9%,11,11.8km,2.49,31.7,25.05,17.19,20.18,2.55,0.37,1.07,0.4,0.6,0.84,1.65,2.49,1.07,3.49,0,16%,2.12,75%,79%,11.82,0.03,0.07,1.07,0.03
,  ,Sebastian Perrotta,£550K  £1.6M,0.66,111,Italian Serie A,4.61,0.86,0,17%,3.25,0.57,18%,16,12.9km,2.11,30.36,25,15.75,24.5,1.57,0.68,1.61,0.36,0.71,1.36,1.89,3.29,1,3.57,0,19%,2.75,85%,82%,13.07,0,0.11,1,0.07
